Timestamp,Team Number,Qualification Match Number,Match Position,Scouter Initials,AutoAmp,AutoSpeaker,TeleAmp,TeleSpeaker,Can the robot score into the SPEAKER from more than a robots length away?,Did they get On Stage?,Did they score in the TRAP?,Any final thoughts?,Do you believe that this data is accurate?,Flags?,,
4/1/2024 19:34:46,null,null,null,null,null,null,null,null,null,null,null,null,null,null,,"3100, 2225 human players - might dnp based on their human player issues"
4/5/2024 10:18:59,2239,1,Red 3,Bs,0,0,4,1,No,"Yes, with another robot",No,"Missed auto speaker note, hung with harmony! ",Yes,,,
4/5/2024 10:20:59,3038,2,Red 3,Bs,0,0,0,2,No,"Yes, solo",No,"Connection issues, because of issues decided to climb super early to avoid disconnecting",Yes,,,
4/5/2024 10:23:01,2177,1,Blue 1,Jm,0,0,0,3,Yes,"Yes, solo",No,,Yes,,,
4/5/2024 10:24:40,3926,7,Blue 1,Jm,0,3,4,4,Yes,"Yes, solo",No,,Yes,,,
4/5/2024 10:25:24,3100,8,Blue 1,Jm,0,1,0,4,Yes,Did not attempt,No,,Yes,,,
4/5/2024 10:32:33,5271,5,Red 1,Lt,0,0,0,0,No,Did not attempt,No,"Fairly slow and tipping, top heavy",Yes,,,
4/5/2024 10:34:20,2225,6,Red 1,Lt,0,0,0,0,No,Tried and Failed,Tried and Failed,"They tried scoring in the trap at beginning of match, failed, and didn’t do anything else",Yes,,,
4/5/2024 10:37:07,3751,5,Blue 3,Zp,0,0,0,0,Unknown,Tried and Failed,No,,Yes,,,
4/5/2024 10:38:13,2052,6,Blue 3,Zp,0,2,3,3,Unknown,"Yes, solo",No,,Yes,,,
4/5/2024 10:40:26,2823,7,Blue 3,Zp,0,0,4,0,Unknown,Tried and Failed,No,,Yes,,,
4/5/2024 10:41:29,2508,8,Blue 3,Zp,0,3,0,4,Yes,Did not attempt,No,,Yes,,,
4/5/2024 10:42:12,2879,7,Blue 2,Sb,0,0,1,0,Yes,"Yes, solo",No,,Yes,,,
4/5/2024 10:43:03,4277,8,Blue 2,Sb,0,0,1,0,Unknown,Tried and Failed,No,Robot had a hard time shooting,Yes,,,
4/5/2024 10:43:59,3883,5,Blue 2,Sb,0,1,2,3,Yes,Tried and Failed,No,,Yes,,,
4/5/2024 10:45:25,7850,6,Blue 2,Sb,0,0,0,0,Unknown,Tried and Failed,No,Robot seemed broken. It was stuttering while moving,Yes,,,
4/5/2024 10:47:10,2846,5,Red 2,Pg,0,0,5,0,No,Did not attempt,No,Shot once into speaker and missed. Poor speaker accuracy but good amp,Yes,,,
4/5/2024 10:48:27,8787,6,Red 2,Pg,0,0,0,0,No,Did not attempt,No,Auto leaves zone around the center. Connection issues?,Yes,,,
4/5/2024 10:49:49,2450,7,Red 2,Pg,0,0,2,1,Yes,Did not attempt,No,"More of an amp bot, could be decent",Yes,,,
4/5/2024 10:55:05,3007,2,Blue 2,Sb,0,0,1,0,Unknown,"Yes, solo",No,"Had no intake, had to use source",Yes,,,
4/5/2024 10:57:48,2511,4,Blue 2,Sb,0,0,1,0,No,Did not attempt,No,Intake seemed broken,Yes,,,
4/5/2024 11:00:56,3026,1,Red 2,Pg,0,0,0,0,Unknown,"Yes, with another robot",No,Connection issues,Yes,,,
4/5/2024 11:02:52,2207,2,Red 2,Pg,0,2,0,7,Yes,"Yes, solo",No,Performed really well but they were uncontested the whole match. 4 piece auto but missed 2,Yes,,,
4/5/2024 11:04:23,2470,3,Red 2,Pg,0,1,0,6,Yes,"Yes, solo",No,Note got stuck in intake for 20ish secs,Yes,,,
4/5/2024 11:05:38,4663,4,Red 2,Pg,0,0,0,4,Yes,"Yes, solo",No,Connection issues. Bot no work for half of match,Yes,,,
4/5/2024 11:08:55,5913,1,Blue 3,Zp,0,1,0,2,Unknown,Tried and Failed,No,"Got a note stuck in front of robot for 1:30 of teleports, got a yellow card",Yes,,,
4/5/2024 11:09:57,2574,2,Blue 3,Zp,0,1,2,4,Yes,Did not attempt,No,,Yes,,,
4/5/2024 11:11:16,2472,3,Blue 3,Zp,0,0,5,3,Yes,Did not attempt,No,,Yes,,,
4/5/2024 11:14:40,2502,4,Blue 3,Zp,0,0,0,5,Yes,Tried and Failed,No,,Yes,,,
4/5/2024 11:15:32,3610,1,Red 1,Byk,0,1,0,4,No,Did not attempt,No,,Yes,,,
4/5/2024 11:16:07,2169,2,Red 1,Byk,0,1,5,2,No,"Yes, solo",No,,Yes,,,
4/5/2024 11:19:21,3042,5,Red 3,Bs,0,0,0,1,No,Did not attempt,No,"Intake SUCKS, missed shot in auto ",Yes,,,
4/5/2024 11:21:24,8234,6,Red 3,Bs,0,0,5,1,Yes,Tried and Failed,No,"Missed their auto notes, intake broken badly, but was good at amp before break",Yes,,,
4/5/2024 11:24:07,4198,3,Red 3,Bs,0,0,0,0,Unknown,Tried and Failed,No,"Got a piece stuck on their robot, got it off at the end of match, didn’t get harmony",Yes,,,
4/5/2024 11:25:25,7068,4,Red 3,Bs,0,3,2,0,No,"Yes, solo",Yes,"Had a piece jammed for a little bit, trap score was solid",Yes,,,
4/5/2024 11:27:33,2513,4,Blue 1,Jm,0,0,0,0,Unknown,Did not attempt,No,,Yes,,,
4/5/2024 11:28:31,3630,5,Blue 1,Jm,0,1,5,3,Yes,"Yes, solo",No,,Yes,,,
4/5/2024 11:30:26,2855,6,Blue 1,Jm,0,1,3,1,Yes,"Yes, solo",No,They transfer notes to teammates,Yes,,,
4/5/2024 11:31:32,2498,9,Red 3,Bs,0,0,0,0,Unknown,Did not attempt,No,NO SHOW,Yes,,,
4/5/2024 11:32:37,2143,10,Red 3,Bs,0,1,0,0,No,"Yes, with another robot",No,Maybe broke? Seemed to move randomly ,Yes,,,
4/5/2024 11:33:51,3454,7,Red 3,Bs,0,3,0,3,No,"Yes, solo",No,"Got penalties, missed multiple shots",Yes,,,
4/5/2024 11:34:43,4632,8,Red 3,Bs,0,0,0,2,No,Did not attempt,No,Moves very slow,Yes,,,
4/5/2024 11:35:46,5434,11,Red 1,Bvc,0,0,0,6,No,Did not attempt,No,Got a note stuck in speaker,Yes,,,
4/5/2024 11:36:34,7068,12,Red 1,Bvc,0,2,0,5,No,"Yes, solo",Yes,There notes in middle to team at beginning,Yes,,,
4/5/2024 11:39:11,3407,9,Red 1,Bvc,0,0,0,4,No,Did not attempt,No,,Yes,Auto,,
4/5/2024 11:41:45,5996,10,Red 1,Bvc,0,3,2,1,No,"Yes, solo",No,Something hanging off after pushing,Yes,,,
4/5/2024 13:23:15,2530,9,Red 2,Pg,0,3,0,8,Yes,"Yes, solo",No,"4 piece auto, missed 1",Yes,,,
4/5/2024 13:28:18,2606,10,Red 2,Pg,0,0,2,0,No,Did not attempt,No,Missed speaker a bunch and then gave up,Yes,,,
4/5/2024 13:30:50,2500,11,Red 2,Pg,0,1,0,4,No,Did not attempt,No,Inconsistent under bumper intake. Surprisingly decent shooting,Yes,,,
4/5/2024 13:32:24,2574,12,Red 2,Pg,0,0,5,0,Unknown,Tried and Failed,No,Missed amp a few times at first but got it,Yes,,,
4/5/2024 13:34:54,3691,9,Blue 3,Zp,0,0,1,0,Unknown,"Yes, solo",No,,Yes,,,
4/5/2024 13:35:37,4207,10,Blue 3,Zp,0,2,0,7,Unknown,Did not attempt,No,,Yes,,,
4/5/2024 13:36:51,4198,11,Blue 3,Zp,0,0,0,2,Unknown,"Yes, with another robot",No,,Yes,,,
4/5/2024 13:37:45,3630,12,Blue 3,Zp,0,2,4,4,Yes,Did not attempt,No,,Yes,,,
4/5/2024 13:38:55,2239,11,Blue 1,Byk,0,1,2,2,No,"Yes, with another robot",No,,Yes,,,
4/5/2024 13:40:27,3610,12,Blue 1,Byk,0,2,0,2,No,Did not attempt,No,Note got stuck under robot in the middle,Yes,,,
4/5/2024 13:42:12,2175,9,Blue 1,Byk,0,3,1,3,No,"Yes, solo",No,,Yes,,,
4/5/2024 13:43:10,3122,10,Blue 1,Byk,0,0,0,1,No,Did not attempt,No,Robot seemed broken,Yes,,,
4/5/2024 13:44:34,5278,11,Blue 2,Mr,0,0,2,0,No,Did not attempt,No,"Very slow, driving was not very confident",Yes,,,
4/5/2024 13:45:33,4215,12,Blue 2,Mr,0,1,1,4,No,Did not attempt,No,Had to almost stop to change direction,Yes,,,
4/5/2024 13:47:15,4225,10,Blue 2,Sb,0,0,1,0,No,Did not attempt,No,,Yes,,,
4/5/2024 13:48:15,4664,11,Red 3,Bs,0,1,0,3,No,Did not attempt,No,Slow,Yes,,,
4/5/2024 13:48:57,2511,12,Red 3,Bs,0,0,0,0,No,Did not attempt,No,Played bad defense,Yes,,,
4/5/2024 13:49:50,2846,13,Red 3,Bs,0,0,7,0,No,"Yes, solo",No,"Missed their auto, really good at the amp",Yes,,,
4/5/2024 13:51:15,2177,14,Red 3,Bs,0,0,0,2,No,Tried and Failed,No,"Missed auto, connection issues, couldn't get off the ground due to their design",Yes,,,
4/5/2024 13:52:03,4225,31,Red 2,Zp,0,0,1,0,No,Did not attempt,No,,Yes,,,
4/5/2024 13:54:23,3038,32,Red 2,Zp,0,0,0,0,Unknown,"Yes, solo",Yes,"Played defense, not sure if it was a strategy or if something broke",Yes,,,
4/5/2024 13:55:03,4277,29,Red 2,Zp,0,0,4,0,Unknown,"Yes, solo",No,,Yes,,,
4/5/2024 13:55:39,2502,30,Red 2,Zp,0,1,0,6,Yes,"Yes, solo",No,,Yes,,,
4/5/2024 13:56:49,4663,19,Red 3,Bs,0,1,0,5,Yes,"Yes, solo",Yes,"connection issues, climbed early because of issues",Yes,,,
4/5/2024 13:57:34,5913,20,Red 3,Bs,0,1,0,4,Yes,Did not attempt,No,shooter broke maybe,Yes,,,
4/5/2024 13:58:34,2472,21,Red 3,Bs,0,1,2,0,Yes,"Yes, solo",No,got a note jammed in their intake,Yes,,,
4/5/2024 14:00:17,3610,22,Red 3,Bs,0,0,0,0,No,Did not attempt,No,"Broke during auto, played mediocre defense",Yes,,,
4/5/2024 14:05:00,8787,32,Blue 3,Kfw,0,0,0,0,Unknown,Did not attempt,No,"They had nothing on bot, timid defense",Yes,,,
4/5/2024 14:05:47,2846,33,Blue 3,Kfw,0,0,6,1,Unknown,"Yes, solo",No,good amp bot,Yes,,,
4/5/2024 14:07:18,4693,30,Blue 3,Kfw,0,0,0,0,Unknown,Did not attempt,No,slowly feed notes to other side of field,Yes,,,
4/5/2024 14:09:22,5271,31,Blue 3,Kfw,0,1,0,0,Unknown,Tried and Failed,No,"they look extremely tippy and slow, tried playing defense",Yes,,,
4/5/2024 14:11:06,8234,32,Red 1,Ch,0,0,0,0,Unknown,Did not attempt,No,robot died,Yes,,,
4/5/2024 14:12:14,2498,33,Red 1,Ch,0,0,0,0,Unknown,Did not attempt,No,note got stuck,Yes,,,
4/5/2024 14:13:59,2879,30,Red 1,Ch,0,0,0,0,Unknown,Did not attempt,No,dead robot,Yes,,,
4/5/2024 14:15:43,2508,31,Red 1,Ch,0,2,0,5,Unknown,"Yes, solo",No,,Yes,,,
4/5/2024 14:16:40,3018,21,Red 2,Pg,0,3,2,2,No,"Yes, with another robot",No,,Yes,,,
4/5/2024 14:17:48,3202,22,Red 2,Pg,0,0,0,0,No,Did not attempt,No,kitbot. shooter is too inaccurate. they just couldn't score.,Yes,,,
4/5/2024 14:19:50,3038,23,Red 2,Pg,0,0,0,1,No,"Yes, solo",No,weak shooter,Yes,,,
4/5/2024 14:20:56,3883,23,Red 2,Pg,0,0,0,0,No,"Yes, solo",No,missed 3 piece auto. I think uncalibrated. hung early,Yes,,,
4/5/2024 14:24:42,3122,36,Red 2,Pg,0,0,0,0,No,Did not attempt,No,connection issues,Yes,,,
4/5/2024 14:25:25,2177,33,Red 2,Pg,0,0,0,0,No,Tried and Failed,No,weak shooter,Yes,,,
4/5/2024 14:26:23,3751,34,Red 2,Pg,0,0,0,0,No,Did not attempt,No,couldn't score so they shot notes from source to their wing,Yes,,,
4/5/2024 14:28:20,2491,36,Blue 3,Kfw,0,0,3,2,Yes,"Yes, with another robot",No,good mix of amp and speaker,Yes,,,
4/5/2024 14:28:55,2052,37,Blue 3,Kfw,0,3,2,4,Yes,Did not attempt,No,,Yes,,,
4/5/2024 14:30:15,2470,34,Blue 3,Kfw,0,1,5,5,Yes,Tried and Failed,No,,Yes,Auto,,
4/5/2024 14:31:58,5913,36,Red 1,Ch,0,0,0,3,No,"Yes, solo",No,,Yes,,,
4/5/2024 14:32:38,2502,37,Red 1,Ch,0,1,1,7,Yes,"Yes, solo",No,good robot,Yes,,,
4/5/2024 14:33:23,4664,34,Red 1,Ch,0,1,0,2,No,Did not attempt,No,,Yes,,,
4/5/2024 14:34:09,2500,35,Red 1,Ch,0,1,0,2,No,Did not attempt,No,kitbot with ground intake,Yes,,,
4/5/2024 14:38:22,3407,35,Blue 2,sb,0,1,0,3,Yes,"Yes, solo",No,,Yes,,,
4/5/2024 14:42:21,3926,36,Blue 2,sb,0,3,3,3,Yes,"Yes, with another robot",No,,Yes,,,
4/5/2024 14:43:17,3100,33,Blue 2,sb,0,1,0,6,Yes,Did not attempt,No,auto needs work,Yes,,,
4/5/2024 14:43:58,4632,34,Blue 2,sb,0,0,0,2,Yes,Did not attempt,No,got trapped on the red side,Yes,,,
4/5/2024 14:45:23,2855,37,Red 2,pg,0,1,2,1,Yes,Did not attempt,No,connection poor for first half but they recovered. weak shooter and note slipped from intake,Yes,,,
4/5/2024 14:48:33,3007,40,Red 2,pg,0,0,0,0,No,Did not attempt,No,got note stuck inside itself. kitbot.,Yes,,,
4/5/2024 14:49:59,7019,37,Blue 2,byk,0,2,5,0,Unknown,"Yes, solo",No,,Yes,,,
4/5/2024 14:50:36,2574,38,Blue 2,byk,0,1,1,2,No,"Yes, solo",No,,Yes,,,
4/5/2024 14:51:40,2530,39,Blue 2,byk,0,1,2,0,Unknown,"Yes, with another robot",No,something was broken and mainly drove around,Yes,,,
4/5/2024 14:57:46,4277,39,Blue 3,Kfw,0,0,3,0,Unknown,"Yes, solo",No,,Yes,,,
4/5/2024 14:59:04,3026,40,Blue 3,Kfw,0,0,0,5,Yes,"Yes, solo",No,,Yes,,,
4/5/2024 15:00:20,2508,41,Blue 3,kfw,0,0,0,4,No,"Yes, solo",No,,Yes,,,
4/5/2024 15:02:08,2143,41,Blue 2,byk,0,0,0,2,No,Tried and Failed,No,would have got on stage but tried harmony and failed,Yes,,,
4/5/2024 15:02:50,4664,42,Blue 2,byk,0,1,0,7,No,Did not attempt,No,,Yes,,,
4/5/2024 15:04:25,4215,37,Red 3,bs,0,0,0,3,No,Did not attempt,No,tried amp for a while but didn't seem to work ,Yes,,,
4/5/2024 15:05:15,5434,38,Red 3,bs,0,3,0,5,No,Did not attempt,No,"good mid auto, nice shooting",Yes,,,
4/5/2024 15:05:55,3042,39,Red 3,bs,0,0,0,0,No,Did not attempt,No,"broken, played not great defense",Yes,,,
4/5/2024 15:07:01,5278,40,Red 3,bs,0,0,2,0,No,Did not attempt,No,"tried and failed amp auto, dropped notes while trying amp 2 times",Yes,,,
4/5/2024 15:11:15,7019,30,Red 3,jm,0,1,2,3,Unknown,Tried and Failed,No,,Yes,,,
4/5/2024 15:13:56,7850,31,Red 3,jm,0,0,0,2,Unknown,"Yes, solo",No,,Yes,,,
4/5/2024 15:16:40,3202,37,Blue 1,Lt,0,1,0,1,No,Did not attempt,No,"drive train problems or driver, really didn't move much",Yes,,,
4/5/2024 15:17:37,4693,38,Blue 1,Lt,0,0,0,1,No,Tried and Failed,No,,Yes,,,
4/5/2024 15:26:11,2606,45,Red 3,BS,0,0,3,0,No,Tried and Failed,No,"slow, played some defense",Yes,,,
4/5/2024 15:32:24,3042,46,Red 1,Ch,0,1,0,1,No,Did not attempt,No,Kit bot,Yes,,,
4/5/2024 15:38:43,5278,47,Red 1,Ch,0,0,3,0,No,Did not attempt,No,Amp only,Yes,,,
4/5/2024 15:38:44,2169,47,Red 3,BS,0,0,3,0,No,Tried and Failed,No,slow,Yes,,,
4/5/2024 15:38:45,2052,47,Blue 1,BYK,0,4,3,1,Yes,"Yes, solo",Tried and Failed,,Yes,,,
4/5/2024 15:39:07,2511,47,Blue 2,MD,0,0,0,0,Unknown,Did not attempt,No,,Yes,,,
4/5/2024 15:41:43,2498,42,Blue 3,mb,0,0,1,0,Unknown,Did not attempt,No,played some defense,Yes,,,
4/5/2024 15:43:01,2225,43,Blue 3,mb,0,0,0,1,No,Did not attempt,No,tried to score in speaker around 5 times and missed most of them,Yes,,,
4/5/2024 15:43:47,2500,44,Blue 3,mb,0,0,0,2,Unknown,Did not attempt,No,,Yes,,,
4/5/2024 15:47:28,3926,45,Blue 3,mb,0,1,2,3,Yes,"Yes, solo",No,their robot broke in the middle of tele but then started working again,Yes,,,
4/5/2024 15:47:45,7068,48,Blue 2,MD,0,3,0,5,No,"Yes, solo",Yes,,Yes,,,
4/5/2024 15:47:46,9157,48,Red 1,Ch,0,1,0,0,No,Did not attempt,No,,Yes,,,
4/5/2024 15:48:00,3883,48,Blue 1,BYK,0,0,7,0,Unknown,"Yes, solo",No,,Yes,,,
4/5/2024 15:48:17,3630,35,Red 3,bs,0,3,5,4,No,Did not attempt,No,great bot,Yes,,,
4/5/2024 15:49:08,2879,48,Red 2,ST,0,0,0,0,Unknown,"Yes, solo",No,"source intake would not work, made a pile of notes, took forever to start playing defense instead",Yes,,,
4/5/2024 15:54:45,3026,49,Red 3,BS,0,0,0,6,No,"Yes, solo",No,missed a few shots,Yes,,,
4/5/2024 15:54:48,4693,49,Blue 2,MD,0,0,0,6,No,Tried and Failed,No,,Yes,,,
4/5/2024 15:55:01,2450,49,Red 1,Zp,0,0,3,2,Yes,Tried and Failed,No,,Yes,,,
4/5/2024 15:55:35,3018,49,Blue 1,BYK,0,1,2,0,Unknown,Tried and Failed,No,Would have gotten on stage but attempted harmony and didn’t ,Yes,,,
4/5/2024 15:55:39,5996,33,Red 3,bs,0,1,3,2,No,Tried and Failed,No,tried harmony but other robot caused failure,Yes,,,
4/5/2024 15:55:51,4663,49,Red 2,st,0,0,0,6,Yes,Tried and Failed,No,"around half the shots missed by slight amount, otherwise good robot",Yes,,,
4/5/2024 16:01:37,8787,50,Blue 3,BVC,0,0,0,0,No,Did not attempt,No,Pool defense ,Yes,,,
4/5/2024 16:01:44,5271,50,Blue 2,MD,0,1,0,1,No,Tried and Failed,No,,Yes,,,
4/5/2024 16:01:56,7019,50,Blue 1,BYK,0,0,3,0,Unknown,Did not attempt,No,,Yes,,,
4/5/2024 16:01:56,3100,50,Red 1,Zp,0,1,2,5,Yes,Did not attempt,No,,Yes,,,
4/5/2024 16:02:33,2143,50,Red 3,BS,0,0,0,0,No,Did not attempt,No,played meh defense ,Yes,,,
4/5/2024 16:08:56,2502,51,Blue 3,BVC,0,1,0,7,Yes,"Yes, solo",No,,Yes,,,
4/5/2024 16:08:57,2239,51,Blue 2,MD,0,1,4,1,No,"Yes, with another robot",No,,Yes,,,
4/5/2024 16:09:03,3751,51,Blue 1,BYK,0,0,0,1,No,"Yes, solo",No,,Yes,,,
4/5/2024 16:09:08,4225,51,Red 1,Zp,0,1,0,0,Unknown,Tried and Failed,No,,Yes,,,
4/5/2024 16:09:24,4277,51,Red 3,K-F-W,1,0,5,0,Unknown,"Yes, with another robot",No,Pretty good amp though a little slow ,Yes,,,
4/5/2024 16:10:19,2491,51,Red 2,st,0,3,0,3,Yes,Tried and Failed,No,"lobbed a bunch of shots, left a pile of 3 or 4 notes in the corner. very capible of more shots. *mwah* beautiful source intake. so sleek and fast. fast drive too",Yes,,,
4/5/2024 16:11:56,2518,34,Blue 1,vm,0,0,0,0,Unknown,Did not attempt,No,,Yes,,,
4/5/2024 16:13:49,4663,36,Blue 1,vm,0,0,0,6,Unknown,"Yes, with another robot",No,,Yes,,,
4/5/2024 16:16:30,9157,23,Blue 1,vm,0,0,0,0,No,Tried and Failed,No,,Yes,,,
4/5/2024 16:17:13,2207,24,Blue 1,vm,0,0,0,5,Unknown,"Yes, with another robot",Tried and Failed,,Yes,,,
4/5/2024 16:20:26,2846,52,Blue 2,MD,0,1,2,1,No,Did not attempt,No,,Yes,,,
4/5/2024 16:20:41,4198,52,Blue 1,BYK,0,1,0,5,No,"Yes, solo",No,Almost got harmony ,Yes,,,
4/5/2024 16:21:01,3007,52,Red 3,K-F-W,0,1,0,3,No,Tried and Failed,No,Not a good source intake ,Yes,,,
4/5/2024 16:21:45,2530,52,Blue 3,BVC,0,4,2,7,Yes,Tried and Failed,No,,Yes,,,
4/5/2024 16:23:27,4207,24,Blue 2,Sb,0,1,2,2,Yes,"Yes, with another robot",No,,Yes,,,
4/5/2024 16:24:29,5434,21,Blue 2,sb,0,0,0,0,No,Did not attempt,No,robot couldn't shoot as far as they expected it to,Yes,,,
4/5/2024 16:25:55,2846,22,Blue 2,sb,0,0,8,1,Yes,Did not attempt,No,,Yes,,,
4/5/2024 16:26:47,2143,21,Red 1,ch,0,1,0,0,Yes,"Yes, solo",No,,Yes,,,
4/5/2024 16:27:23,4664,22,Red 1,ch,0,1,0,4,No,Did not attempt,No,,Yes,,,
4/5/2024 16:27:27,3042,53,Blue 2,MD,0,0,0,3,No,Did not attempt,No,,Yes,,,
4/5/2024 16:27:42,2498,53,Blue 1,BYK,0,0,2,0,Unknown,Did not attempt,No,Ran out of time to get on stage,Yes,,,
4/5/2024 16:27:56,2207,53,Red 3,K-F-W,0,2,0,6,No,Did not attempt,No,Pretty good modified kit bot,Yes,,,
4/5/2024 16:27:57,2606,53,Blue 3,BVC,0,0,0,1,Yes,Tried and Failed,No,Kept pausing stopping and kinda sitting there for a bit,Yes,,,
4/5/2024 16:28:04,2855,53,Red 1,Zp,0,1,0,0,Unknown,Tried and Failed,No,They spent teleop blocking the other teams sub ,Yes,,,
4/5/2024 16:28:16,3100,23,Red 1,ch,0,1,2,0,Unknown,"Yes, with another robot",No,note got stuck,Yes,,,
4/5/2024 16:29:16,4215,24,Red 1,ch,0,0,4,1,Unknown,Did not attempt,No,,Yes,,,
4/5/2024 16:31:06,4198,23,Blue 3,idk,1,1,1,1,Unknown,Did not attempt,No,tech issue for last 30 seconds,Yes,,,
4/5/2024 16:32:25,3926,24,Blue 3,idk,0,1,3,3,Unknown,"Yes, solo",No,"fast, very good bot",Yes,,,
4/5/2024 16:33:46,2511,21,Blue 3,idk,0,0,0,0,Unknown,Tried and Failed,No,defensive auto,Yes,,,
4/5/2024 16:34:11,2177,54,Blue 3,BVC,0,0,0,8,No,Tried and Failed,No,,Yes,,,
4/5/2024 16:34:23,2518,54,Blue 2,MD,0,0,0,0,Unknown,Did not attempt,No,,Yes,,,
4/5/2024 16:34:30,2500,22,Blue 3,idk,0,0,0,1,No,Tried and Failed,No,,Yes,,,
4/5/2024 16:34:38,5278,54,Blue 1,BYK,1,0,4,0,Unknown,Did not attempt,No,Amp only robot,Yes,,,
4/5/2024 16:34:38,3630,54,Red 1,Zp,0,1,3,2,Yes,Did not attempt,No,Robot got disabled in the last 40ish seconds,Yes,,,
4/5/2024 16:36:06,2169,54,Red 2,st,0,1,3,1,No,Did not attempt,No,didnt go to park when they could have easily done so-went opposite direction. 3-4 speaker shots missed,Yes,,,
4/5/2024 16:40:25,4664,55,Blue 2,MD,0,1,0,3,No,Did not attempt,No,,Yes,,,
4/5/2024 16:40:40,9157,55,Red 1,Zp,0,1,0,0,Unknown,Did not attempt,No,,Yes,,,
4/5/2024 16:40:56,3407,55,Blue 3,BVC,0,0,0,4,No,Did not attempt,No,Delivering bites across court ,Yes,,,
4/5/2024 16:41:19,8234,55,Red 3,K-F-W,0,0,4,0,Unknown,Did not attempt,No,Slower amp bot ,Yes,,,
4/5/2024 16:43:44,5996,25,Red 2,pg,0,3,3,4,Yes,Tried and Failed,No,"clean intake, slow but very consistent",Yes,,,
4/5/2024 16:46:37,2470,26,Red 2,pg,0,3,1,6,Yes,"Yes, solo",No,,Yes,,,
4/5/2024 16:47:09,7850,56,Blue 1,BYK,0,0,0,0,Unknown,"Yes, solo",No,Something broke in the robot,Yes,,,
4/5/2024 16:47:10,4632,56,Blue 3,BVC,0,0,0,2,No,Did not attempt,No,Started limping right before endgame ,Yes,,,
4/5/2024 16:47:12,3018,56,Red 3,K-F-W,0,1,1,3,Yes,"Yes, with another robot",No,Decent shooter bot ,Yes,,,
4/5/2024 16:47:16,4207,56,Blue 2,MD,0,0,4,0,No,"Yes, solo",No,,Yes,,,
4/5/2024 16:47:25,2606,27,Red 2,zp,0,0,3,0,Unknown,"Yes, solo",No,,Yes,,,
4/5/2024 16:48:06,3454,56,Red 2,st,0,2,0,1,Unknown,"Yes, with another robot",No,drive train seemed to be acting weird in the veginning. second auto note might not have gone in,Yes,,,
4/5/2024 16:48:12,3630,28,Red 2,zp,0,3,4,5,Yes,"Yes, with another robot",No,,Yes,,,
4/5/2024 16:49:01,7068,27,Blue 2,sb,0,2,0,4,Unknown,"Yes, solo",No,,Yes,,,
4/5/2024 16:50:23,3018,28,Blue 2,sb,0,1,4,1,Unknown,Did not attempt,No,,Yes,,,
4/5/2024 16:51:42,2498,26,Blue 2,sb,0,0,1,1,Yes,"Yes, solo",No,,Yes,,,
4/5/2024 16:52:54,8234,25,Blue 3,idk,0,1,0,1,No,Tried and Failed,No,poor performance,Yes,,,
4/5/2024 16:54:14,2225,27,Blue 1,byk,0,0,0,0,No,"Yes, with another robot",Tried and Failed,,Yes,,,
4/5/2024 16:54:26,5434,57,Blue 2,MD,0,3,0,5,Yes,Did not attempt,No,,Yes,,,
4/5/2024 16:54:38,4663,57,Blue 1,BYK,0,1,0,9,Yes,"Yes, solo",No,,Yes,,,
4/5/2024 16:54:46,3100,57,Red 3,K-F-W,0,0,1,2,Yes,Tried and Failed,No,"Good for harmony, just have to start earlier and not get knocked by us ",Yes,,,
4/5/2024 16:56:41,8787,58,Blue 1,BYK,0,0,0,0,No,Did not attempt,No,Defense robot,Yes,,,
4/5/2024 16:59:05,4632,25,Blue 1,vm,0,0,0,0,Unknown,Did not attempt,No,,Yes,,,
4/5/2024 17:00:51,7068,58,Blue 2,MD,0,3,0,4,No,"Yes, solo",Yes,,Yes,,,
4/5/2024 17:00:59,7019,58,Red 1,Zp,0,0,4,0,Unknown,Tried and Failed,No,,Yes,,,
4/5/2024 17:01:07,2518,26,Blue 1,byk,0,0,0,0,Unknown,Did not attempt,No,has a shooter but played defense,Yes,,,
4/5/2024 17:01:14,2239,58,Blue 3,BVC,0,1,5,2,Unknown,"Yes, solo",No,Fast collector and scorer for amp on their side,Yes,,,
4/5/2024 17:01:24,2450,58,Red 3,K-F-W,0,1,2,1,No,Did not attempt,No,Got note stuck in bot ,Yes,,,
4/5/2024 17:02:47,3122,58,Red 2,st,0,0,0,0,Unknown,Did not attempt,No,slow. source intake was kinda slow to align,Yes,,,
4/5/2024 17:03:18,3026,26,Blue 3,st,0,0,0,4,Yes,"Yes, solo",No,"potato auto, barely a robot distance away, took a little bit to shoot after lining up, slow mechs but speedy driving",Yes,,,
4/5/2024 17:03:29,2450,26,Red 3,Jm,0,0,3,3,Yes,Tried and Failed,No,,Yes,,,
4/5/2024 17:04:59,5278,27,Red 3,Jm,0,0,2,0,Unknown,"Yes, solo",No,,Yes,,,
4/5/2024 17:05:50,2175,27,Blue 3,st,0,1,6,2,No,"Yes, solo",No,"fast amp, slow to line up to intake but its deliberate and they don't fail, speaker iffy?",Yes,,,
4/5/2024 17:06:18,2530,28,Red 3,Jm,0,1,4,2,Yes,"Yes, with another robot",No,,Yes,,,
4/5/2024 17:07:11,3122,28,Blue 3,st,0,0,0,0,Unknown,Did not attempt,No,"super brown out, could barely move, that RSL was having a seizure, dead, potato auto",Yes,,,
4/5/2024 17:08:31,2052,59,Blue 2,MD,0,1,0,0,Unknown,"Yes, solo",No,,Yes,,,
4/5/2024 17:08:49,3007,59,Blue 3,BVC,0,0,0,3,No,"Yes, with another robot",No,Slower,Yes,,,
4/5/2024 17:08:56,3751,59,Red 3,K-F-W,0,0,0,2,No,"Yes, solo",No,Pretty slow driving ,Yes,,,
4/5/2024 17:09:04,2472,59,Red 2,st,0,1,5,6,No,"Yes, solo",No,fast. good.,Yes,,,
4/5/2024 17:09:11,2855,29,Blue 3,st,0,0,0,0,Unknown,Did not attempt,No,"stead, pretty fast amp",Yes,,,
4/5/2024 17:09:14,2500,59,Red 1,MR,0,1,0,1,No,Did not attempt,No,Sat in other alliance’s amp/speaker area for over half the match,Yes,,,
4/5/2024 17:09:15,5913,28,Red 3,Jm,0,0,0,4,Unknown,"Yes, solo",No,,Yes,,,
4/5/2024 17:09:17,2879,59,Blue 1,BYK,0,1,0,2,No,Tried and Failed,No,,Yes,,,
4/5/2024 17:13:39,3751,27,Red 1,Ch,0,0,0,4,No,"Yes, solo",No,Under shoots a lot,Yes,,,
4/5/2024 17:14:23,2502,13,Red 2,pg,0,1,0,6,Yes,"Yes, solo",No,good shooter,Yes,,,
4/5/2024 17:15:11,3610,60,Blue 2,MD,0,1,0,2,Yes,Did not attempt,No,,Yes,,,
4/5/2024 17:15:12,2491,60,Blue 3,BVC,0,2,2,4,Yes,"Yes, with another robot",No,,Yes,,,
4/5/2024 17:15:21,8787,14,Red 2,zb,0,0,0,0,No,Did not attempt,No,"issues moving, connection maybe?",Yes,,,
4/5/2024 17:15:24,2052,28,Red 1,Ch,0,4,0,2,Yes,"Yes, solo",No,Was cycling rings to let others score,Yes,,,
4/5/2024 17:15:31,4225,60,Red 2,st,0,0,2,0,No,Did not attempt,No,taxi auto. source only bot with a dumper. very slow drive train,Yes,,,
4/5/2024 17:15:38,4693,60,Red 1,MR,0,0,0,2,No,Did not attempt,No,Were mosying around a bit,Yes,,,
4/5/2024 17:15:38,2143,60,Red 3,K-F-W,0,2,0,8,No,"Yes, solo",No,Pretty good cycle time for shooting ,Yes,,,
4/5/2024 17:16:22,4663,29,Red 1,Ch,0,2,0,6,Unknown,"Yes, solo",No,,Yes,,,
4/5/2024 17:16:41,2225,15,Red 3,bs,0,0,0,0,No,"Yes, solo",Tried and Failed,"auto broke, spent the entire match failing the trap",Yes,,,
4/5/2024 17:18:52,3100,16,Red 3,bs,0,1,0,0,No,Tried and Failed,Tried and Failed,"auto failed, played defense and got 2 penalties, blocked other subwoofer",Yes,,,
4/5/2024 17:21:53,2175,61,Blue 1,BYK,0,3,1,7,No,Did not attempt,No,,Yes,,,
4/5/2024 17:21:55,2855,18,Red 3,bs,0,0,2,0,No,"Yes, solo",No,played defense against the subwoofer,Yes,,,
4/5/2024 17:21:58,3026,61,Red 1,MR,0,0,0,1,No,Did not attempt,No,Died under stage,Yes,,,
4/5/2024 17:22:00,2511,61,Red 3,K-F-W,0,0,0,0,Unknown,Did not attempt,No,Defense ,Yes,,,
4/5/2024 17:22:19,4277,61,Blue 2,MD,0,0,3,0,Unknown,Did not attempt,No,,Yes,,,
4/5/2024 17:22:23,5271,61,Blue 3,BVC,0,0,0,1,No,Tried and Failed,No,Kinda stopped and couldn't pick up notes,Yes,,,
4/5/2024 17:22:29,3038,13,Blue 1,Byk,0,0,0,3,No,"Yes, solo",No,Shooter wasnt powerful enough so most didn’t go in,Yes,,,
4/5/2024 17:23:16,7019,19,Blue 2,mr,0,1,0,3,No,"Yes, solo",No,were stuck in middle of field for like 45 seconds just spinning in opposite directions,Yes,,,
4/5/2024 17:23:26,3042,14,Blue 1,Byk ,0,0,0,0,No,Did not attempt,No,,Yes,,,
4/5/2024 17:24:11,5278,20,Blue 2,mr,0,0,0,0,No,Did not attempt,No,"died at source, spit note out of intake randomly at end of auto",Yes,,,
4/5/2024 17:25:03,8234,17,Blue 2,mr,0,0,0,0,No,Did not attempt,No,died in middle of field,Yes,,,
4/5/2024 17:25:48,4632,18,Blue 2,mr,0,0,0,1,No,Did not attempt,No,"missed 2/3 in tele, not a lot of power on shooting",Yes,,,
4/5/2024 17:26:34,2472,32,Blue 1,Vm,0,0,6,4,Unknown,Did not attempt,Yes,,Yes,,,
4/5/2024 17:27:03,2169,17,Blue 3,idk,1,0,7,0,No,Did not attempt,No,"got stuck in auto with our robot, could've got more notes",Yes,,,
4/5/2024 17:28:04,5996,18,Blue 3,idk,1,0,0,3,Yes,Did not attempt,No,,Yes,,,
4/5/2024 17:28:44,4225,19,Blue 3,idk,0,0,0,1,No,Did not attempt,No,,Yes,,,
4/5/2024 17:28:57,3042,30,Blue 1,Vm,0,0,0,0,No,Did not attempt,Tried and Failed,,Yes,,,
4/5/2024 17:29:16,5996,62,Red 3,BS,0,3,4,0,No,"Yes, with another robot",No,missed 2 speaker shots,Yes,,,
4/5/2024 17:29:22,2530,62,Blue 2,MD,0,2,0,4,Yes,"Yes, solo",No,,Yes,,,
4/5/2024 17:29:23,3122,20,Blue 3,idk,0,0,0,0,No,Did not attempt,No,,Yes,,,
4/5/2024 17:29:35,3883,62,Blue 1,BYK,0,0,4,0,Unknown,"Yes, solo",No,,Yes,,,
4/5/2024 17:29:53,2508,62,Red 1,MR,0,1,0,5,No,Tried and Failed,No,Trued to climb with a couple seconds left,Yes,,,
4/5/2024 17:29:55,2502,62,Red 2,Pml,0,1,2,2,Yes,"Yes, with another robot",No,,Yes,,,
4/5/2024 17:29:59,2574,62,Blue 3,BVC,0,0,0,3,Yes,Tried and Failed,No,Moved funny after something got thrown into field after crash,Yes,,,
4/5/2024 17:35:58,3018,63,Blue 3,BVC,0,2,0,0,Unknown,"Yes, with another robot",No,Got a note stuck and went on defense?,Yes,,,
4/5/2024 17:36:06,3407,63,Blue 2,MD,0,0,0,1,Unknown,Did not attempt,No,,Yes,,,
4/5/2024 17:36:11,2855,63,Red 3,BS,0,3,3,3,Yes,"Yes, solo",No,pretty solid amp and speaker scorer,Yes,,,
4/5/2024 17:36:13,2177,63,Blue 1,BYK,0,1,0,7,No,"Yes, with another robot",No,,Yes,,,
4/5/2024 17:36:58,4664,63,Red 2,Pml,0,1,0,3,No,Did not attempt,No,Slow. Had trouble picking up notes,Yes,,,
4/5/2024 17:37:00,2606,63,Red 1,MR,0,0,3,0,No,Tried and Failed,No,"Generally slow robot, does not go for speaker ",Yes,,,
4/5/2024 17:43:39,3454,64,Blue 3,BVC,0,1,0,2,No,"Yes, with another robot",No,,Yes,,,
4/5/2024 17:43:47,5913,64,Blue 1,BYK,0,3,2,5,Yes,"Yes, solo",Yes,,Yes,,,
4/5/2024 17:43:53,3100,64,Blue 2,MD,0,1,2,0,Yes,"Yes, with another robot",No,,Yes,,,
4/5/2024 17:44:06,8234,64,Red 1,MR,0,0,3,0,No,"Yes, solo",No,"Did not attempt to score in speaker, pure amp",Yes,,,
4/5/2024 17:44:17,3691,64,Red 2,Pml,0,0,1,2,No,"Yes, solo",No,,Yes,,,
4/5/2024 17:44:26,3630,64,Red 3,BS,0,1,3,1,No,Tried and Failed,No,"broke badly, was disconnected for a hot min",Yes,,,
4/5/2024 17:49:18,4207,42,Red 1,ch,0,0,1,0,Unknown,"Yes, solo",No,shooter not working,Yes,,,
4/5/2024 17:49:59,2846,43,Red 1,ch,0,0,3,3,No,"Yes, with another robot",No,fast bot,Yes,,,
4/5/2024 17:50:47,2855,44,Red 1,ch,0,2,1,0,Unknown,Tried and Failed,No,"played defense, tall robot",Yes,,,
4/5/2024 17:51:28,7068,65,Blue 1,Zp,0,3,3,2,Yes,"Yes, solo",Yes,,Yes,,,
4/5/2024 17:51:30,5434,45,Red 1,ch,0,2,0,2,Unknown,Did not attempt,No,,Yes,,,
4/5/2024 17:51:41,5434,65,Blue 3,BVC,0,2,0,6,Yes,Did not attempt,No,"Good auto, failed one auto at end but scored the others ",Yes,,,
4/5/2024 17:51:58,2846,65,Red 1,MR,0,1,0,6,No,Did not attempt,No,Sort of reckless driving,Yes,,,
4/5/2024 17:52:52,2879,41,Red 3,bs,0,0,0,1,No,Tried and Failed,No,missed almost all shots,Yes,,,
4/5/2024 17:53:49,3610,42,Red 3,bs,0,2,0,1,No,Did not attempt,No,"missed 3 shots in speaker, crashed into the stage and died",Yes,,,
4/5/2024 17:54:31,2518,43,Red 3,bs,0,0,0,0,No,Did not attempt,No,played mediocre defense,Yes,,,
4/5/2024 17:55:20,3122,44,Red 3,bs,0,0,0,0,No,Did not attempt,No,useless,Yes,,,
4/5/2024 17:56:56,3018,39,Blue 1,lt,0,3,1,7,Yes,"Yes, with another robot",No,only did long distance once,Yes,,,
4/5/2024 17:58:23,4225,40,Blue 1,lf,0,0,1,0,No,Did not attempt,No,"note got stuck, played defense most of the time",Yes,,,
4/5/2024 17:59:33,4198,41,Blue 1,lt,2,0,4,1,Unknown,"Yes, solo",No,,Yes,,,
4/5/2024 18:00:27,2450,42,Blue 1,idk,0,0,4,1,Unknown,Tried and Failed,No,was mostly going for the amp this match,Yes,,,
4/5/2024 19:08:25,5996,43,Red 2,pg,0,2,4,2,Yes,"Yes, with another robot",No,consist. good amp with strong shooting capability. just not goof with moving far distances due to speed.,Yes,,,
4/5/2024 19:11:27,3007,40,Red 2,pg,0,0,0,0,No,"Yes, solo",No,did nothing at source then hanged,Yes,,,
4/5/2024 19:12:19,5271,42,Red 2,pg,0,1,0,0,Unknown,Did not attempt,No,played defense camping enemy speaker,Yes,,,
4/5/2024 19:13:49,7850,41,Red 2,pg,0,0,0,2,No,Did not attempt,No,"crashed, bumper fell off",Yes,,,
4/5/2024 19:14:32,4632,45,Red 2,pg,0,0,0,1,No,Did not attempt,No,they got bullied a bit,Yes,,,
4/5/2024 19:15:30,2513,46,Red 2,pg,0,0,0,1,Unknown,Tried and Failed,No,,Yes,,,
4/5/2024 19:17:23,2823,47,Red 2,pg,0,1,2,3,Yes,"Yes, solo",No,,Yes,,,
4/5/2024 19:19:36,3202,46,Blue 3,mb,0,1,0,1,Unknown,Did not attempt,No,,Yes,,,
4/5/2024 19:20:17,3407,47,Blue 3,mb,0,0,0,2,Yes,Did not attempt,No,missed a lot of speaker shots,Yes,,,
4/5/2024 19:21:04,2470,48,Blue 3,mb,0,0,0,6,Yes,"Yes, solo",No,,Yes,,,
4/5/2024 19:22:01,7850,49,Blue 3,mb,0,1,0,0,Unknown,"Yes, solo",No,played defense,Yes,,,
4/5/2024 19:23:16,2472,43,Blue 1,idk,0,1,3,2,No,"Yes, solo",No,,Yes,,,
4/5/2024 19:25:19,3630,45,Blue 1,idk,0,1,5,1,No,"Yes, solo",No,always went for the amp until it was full,Yes,,,
4/5/2024 19:25:58,8234,46,Blue 1,idk,0,1,0,1,No,Did not attempt,No,,Yes,,,
4/5/2024 19:27:10,3038,45,Blue 2,md,0,1,0,0,Unknown,"Yes, solo",No,intake didn't work this match,Yes,,,
4/5/2024 19:27:55,3454,46,Blue 2,md,0,2,0,5,Unknown,Tried and Failed,No,,Yes,,,
4/5/2024 19:29:32,5913,43,Blue 2,byk,0,2,3,1,No,"Yes, solo",Tried and Failed,have yellow card,Yes,,,
4/5/2024 19:31:02,2175,44,Blue 2,byk,0,3,4,5,No,"Yes, solo",No,,Yes,,,
4/5/2024 19:32:04,2823,29,Blue 2,sb,0,0,3,2,Yes,"Yes, solo",No,used magnets to pull themselves on the chain,Yes,,,
4/5/2024 19:34:21,2169,31,Blue 2,sb,0,2,6,0,Yes,"Yes, solo",No,kept missing their tele speaker shots,Yes,,,
4/5/2024 19:35:38,2177,23,Red 3,bs,0,0,0,7,No,"Yes, with another robot",No,did very well over all,Yes,,,
4/5/2024 19:36:12,2239,24,Red 3,bs,0,0,1,2,No,"Yes, with another robot",No,slow,Yes,,,
4/5/2024 19:37:05,2491,25,Red 3,bs,0,2,0,1,Unknown,"Yes, solo",No,had a note in their bot and didn't know for half the match,Yes,,,
4/5/2024 19:37:45,3883,32,Red 3,bs,0,1,3,2,Unknown,"Yes, solo",No,missed notes in auto,Yes,,,
4/5/2024 19:38:24,9157,13,Blue 3,zp,0,0,0,0,Unknown,Did not attempt,No,,Yes,,,
4/5/2024 19:39:00,2472,14,Blue 3,zp,0,0,1,5,Unknown,"Yes, with another robot",No,,Yes,,,
4/5/2024 19:39:40,2879,15,Blue 3,zp,0,0,0,1,Unknown,Tried and Failed,No,,Yes,,,
4/5/2024 19:40:30,3407,16,Blue 3,zp,0,0,0,1,No,Tried and Failed,No,missed a large percentage of speaker shots,Yes,,,
4/5/2024 19:42:06,3883,16,Red 1,Bvc,0,1,4,2,Unknown,"Yes, solo",No,,Yes,,,
4/5/2024 19:42:57,2207,13,Red 1,Bvc,0,4,0,6,Unknown,"Yes, with another robot",No,"also threw on the harmony, very impressive",Yes,,,
4/5/2024 19:43:30,2823,14,Red 1,Bvc,0,1,3,1,Unknown,Did not attempt,No,,Yes,,,
4/5/2024 19:44:20,2491,15,Blue 2,mr,0,1,3,4,Yes,"Yes, with another robot",No,"they are capable of scoring speaker from more than robots length away, didn't this match",Yes,,,
4/5/2024 19:45:10,3007,16,Blue 2,mr,0,1,0,1,No,"Yes, with another robot",No,"often not enough power when shot into speaker, semi-slow bot",Yes,,,
4/5/2024 19:46:05,3026,13,Blue 2,mr,0,0,0,1,No,"Yes, solo",No,"missed 1 not auto speaker, 1/3 speaker notes, went to hang with 1 minute left",Yes,,,
4/5/2024 19:47:06,3926,14,Blue 2,mr,0,5,3,5,Yes,"Yes, solo",No,"they were close to speaker when they scored all notes, but seem like they can score farther, didn't miss any notes, very coated",Yes,,,
4/5/2024 19:48:08,2606,14,Blue 1,idk,0,1,2,1,Unknown,Tried and Failed,No,,Yes,,,
4/5/2024 19:51:21,2052,19,Red 1,Bvc,0,3,3,2,Yes,Tried and Failed,No,had a period where there was some problems? it recovered,Yes,,,
4/5/2024 19:53:43,2175,18,Red 1,Bvc,0,1,5,3,Yes,"Yes, solo",No,,Yes,,,
4/5/2024 19:54:28,2470,17,Red 2,pg,0,1,0,8,Yes,Tried and Failed,No,had some intake issues and picked up two notes,Yes,,,
4/5/2024 19:55:16,2513,18,Red 2,pg,0,0,0,0,Unknown,"Yes, solo",No,slow. choppy movement. either poor driving or bad connection,Yes,,,
4/5/2024 19:55:56,2518,19,Red 2,pg,0,0,0,0,Unknown,Did not attempt,No,connection issues,Yes,,,
4/5/2024 19:56:36,4693,20,Red 2,pg,0,0,0,0,Unknown,Tried and Failed,No,waddled around then failed to hang,Yes,,,
4/5/2024 19:57:15,3691,40,Red 1,mb,0,0,0,0,Unknown,"Yes, solo",No,,Yes,,,
4/5/2024 19:57:57,7068,41,Red 1,ch,0,2,2,3,Unknown,"Yes, solo",No,good drivers,Yes,,,
4/5/2024 19:58:30,3454,38,Red 1,ch,0,1,0,4,No,"Yes, with another robot",No,,Yes,,,
4/5/2024 19:59:17,2169,39,Red 1,ch,0,0,5,0,No,Did not attempt,No,rough match,Yes,,,